{"stats":{"minecraft:custom":{"minecraft:intelligence":0,"minecraft:time_since_rest":1286,"minecraft:energy":50,"minecraft:blood":0,"minecraft:leave_game":1,"minecraft:magic_shield":0,"minecraft:walk_one_cm":215,"minecraft:damage_taken":51,"minecraft:health":70,"minecraft:play_time":1286,"minecraft:move_speed":0,"minecraft:time_since_death":1286,"minecraft:damage_absorbed":14,"minecraft:strength":0,"minecraft:total_world_time":1286,"minecraft:fly_one_cm":80,"minecraft:mana":50,"minecraft:dexterity":0}},"DataVersion":3465}