{"stats":{"minecraft:broken":{"minecraft:iron_boots":1,"minecraft:iron_leggings":2,"minecraft:wooden_pickaxe":1,"minecraft:stone_pickaxe":1,"minecraft:iron_sword":1,"minecraft:iron_helmet":2},"minecraft:killed_by":{"minecraft:pillager":1,"mowziesmobs:umvuthi":1},"minecraft:crafted":{"minecraft:oak_planks":32,"minecraft:raw_iron":45,"minecraft:stone_shovel":1,"minecraft:furnace":2,"minecraft:bow":1,"minecraft:iron_boots":1,"minecraft:iron_axe":1,"minecraft:stone_pickaxe":2,"minecraft:smoker":1,"minecraft:wheat":63,"minecraft:arrow":192,"minecraft:emerald":12,"minecraft:cooked_porkchop":6,"minecraft:crafting_table":6,"minecraft:spruce_planks":20,"minecraft:wooden_pickaxe":1,"minecraft:iron_helmet":1,"minecraft:iron_sword":1,"minecraft:fletching_table":1,"minecraft:bread":21,"minecraft:air":0,"minecraft:iron_chestplate":1,"minecraft:shield":2,"minecraft:stick":400,"quark:oak_chest":8,"minecraft:iron_ingot":33,"minecraft:iron_pickaxe":1,"minecraft:stone_sword":1,"minecraft:iron_leggings":1},"minecraft:killed":{"alexsmobs:raccoon":1,"minecraft:spider":5,"minecraft:vindicator":4,"minecraft:phantom":6,"minecraft:skeleton":28,"takesapillage:clay_golem":1,"minecraft:chicken":1,"mowziesmobs:umvuthana_crane":1,"alexsmobs:bison":3,"mowziesmobs:umvuthana":16,"minecraft:husk":9,"minecraft:zombie_villager":1,"minecraft:frog":9,"mowziesmobs:umvuthana_follower_raptor":5,"minecraft:squid":1,"minecraft:sheep":2,"minecraft:pillager":22,"alexsmobs:crocodile":1,"minecraft:zombie":17,"iceandfire:ghost":6,"alexsmobs:fly":1,"mowziesmobs:umvuthana_raptor":1,"minecraft:enderman":2},"minecraft:custom":{"minecraft:blood":0,"minecraft:interact_with_anvil":2,"minecraft:mob_kills":149,"minecraft:dexterity":21,"minecraft:interact_with_crafting_table":25,"minecraft:open_barrel":67,"minecraft:damage_dealt_resisted":243,"minecraft:leave_game":1,"minecraft:time_since_death":8031,"minecraft:climb_one_cm":18491,"minecraft:damage_resisted":52,"minecraft:mana":196,"minecraft:magic_shield":0,"minecraft:sprint_one_cm":385507,"minecraft:walk_one_cm":928437,"minecraft:drop":55,"minecraft:health":217,"minecraft:talked_to_villager":20,"minecraft:play_time":284143,"minecraft:sneak_time":1726,"minecraft:deaths":2,"minecraft:walk_under_water_one_cm":11556,"minecraft:jump":3198,"minecraft:energy":340,"minecraft:interact_with_blast_furnace":2,"minecraft:walk_on_water_one_cm":23339,"minecraft:total_world_time":284143,"minecraft:interact_with_furnace":8,"minecraft:intelligence":5,"minecraft:move_speed":0,"minecraft:traded_with_villager":24,"minecraft:tune_noteblock":1,"minecraft:sleep_in_bed":4,"minecraft:levels_gained":9,"minecraft:waystone_activated":1,"minecraft:time_since_rest":8112,"minecraft:damage_taken":8855,"minecraft:damage_absorbed":13002,"minecraft:trigger_trapped_chest":2,"minecraft:damage_dealt":17156,"minecraft:swim_one_cm":21550,"minecraft:fly_one_cm":478337,"minecraft:open_chest":123,"minecraft:crouch_one_cm":4247,"minecraft:strength":10,"minecraft:interact_with_smoker":6,"minecraft:fall_one_cm":96032,"minecraft:horse_one_cm":2101560},"minecraft:picked_up":{"minecraft:crafting_table":1,"minecraft:iron_chestplate":4,"minecraft:wheat":91,"mmorpg:material/farming/0":7,"minecraft:anvil":3,"minecraft:clay_ball":4,"minecraft:leather_leggings":1,"minecraft:lead":2,"mmorpg:jewelry/ring/iron":1,"gravestone:obituary":1,"minecraft:shield":2,"minecraft:cornflower":1,"minecraft:string":7,"minecraft:raw_copper":4,"minecraft:wooden_sword":1,"minecraft:iron_leggings":4,"minecraft:armor_stand":1,"minecraft:experience_bottle":4,"mmorpg:jewel/dex":1,"minecraft:tnt_minecart":2,"minecraft:gold_nugget":18,"minecraft:comparator":2,"minecraft:beef":6,"minecraft:calcite":1,"minecraft:poppy":1,"minecraft:phantom_membrane":1,"minecraft:coal_block":3,"minecraft:birch_sapling":9,"minecraft:egg":3,"minecraft:spruce_trapdoor":8,"minecraft:furnace":3,"mmorpg:skill_gems/support/dex":3,"minecraft:stick":24,"mmorpg:material/mining/0":3,"minecraft:raw_iron":46,"iceandfire:ghost_chest":2,"minecraft:oak_fence":1,"mmorpg:jewelry/necklace/iron":3,"iceandfire:rotten_egg":1,"minecraft:diorite":14,"minecraft:carrot":1,"minecraft:redstone":80,"minecraft:arrow":48,"minecraft:rotten_flesh":24,"minecraft:hay_block":40,"mowziesmobs:umvuthana_mask_bliss":2,"minecraft:mutton":2,"minecraft:iron_bars":2,"minecraft:snowball":2,"minecraft:white_wool":1,"minecraft:cobblestone":100,"minecraft:leather_chestplate":1,"minecraft:feather":17,"minecraft:iron_door":3,"minecraft:andesite":10,"mmorpg:gems/azurite/0":1,"minecraft:smoker":1,"alexsmobs:bison_fur":2,"minecraft:flint":15,"minecraft:oak_log":143,"iceandfire:ectoplasm":1,"minecraft:lapis_lazuli":42,"minecraft:dirt":14,"minecraft:white_banner":1,"minecraft:leather_boots":1,"minecraft:bone":36,"minecraft:chipped_anvil":1,"mowziesmobs:umvuthana_mask_rage":1,"minecraft:apple":3,"minecraft:stone_bricks":9,"iceandfire:pixie_jar_empty":1,"minecraft:kelp":39,"minecraft:bow":4,"minecraft:wheat_seeds":267,"minecraft:raw_gold":2,"minecraft:iron_ingot":2,"minecraft:stone_pickaxe":1,"mowziesmobs:umvuthana_mask_misery":2,"minecraft:fletching_table":5,"minecraft:bamboo":5,"minecraft:iron_sword":2,"minecraft:oak_planks":1,"mmorpg:skill_gems/support/str":1,"minecraft:book":84,"iceandfire:copper_nugget":14,"minecraft:raw_iron_block":5,"minecraft:gravel":116,"minecraft:spruce_sapling":1,"minecraft:blast_furnace":16,"minecraft:ink_sac":3,"minecraft:grass_block":2,"mmorpg:weapon/staff/wood":6,"minecraft:spruce_log":5,"minecraft:spider_eye":1,"alexsmobs:animal_dictionary":1,"minecraft:leather_helmet":1,"minecraft:diamond":1,"minecraft:iron_helmet":2,"minecraft:crossbow":4,"minecraft:granite":7,"minecraft:golden_apple":2,"minecraft:bread":6,"minecraft:emerald":14,"mowziesmobs:umvuthana_mask_fear":1,"alexsmobs:maggot":2,"minecraft:oak_sapling":35,"iceandfire:silver_nugget":10,"minecraft:coal":233,"iceandfire:raw_silver":3,"minecraft:ender_pearl":2},"minecraft:used":{"minecraft:oak_fence":1,"minecraft:stone_sword":26,"minecraft:armor_stand":1,"minecraft:stone_shovel":14,"minecraft:iron_sword":670,"minecraft:anvil":3,"minecraft:carrot":5,"minecraft:diamond_helmet":1,"minecraft:snowball":2,"minecraft:iron_axe":105,"minecraft:iron_boots":2,"minecraft:bamboo":1,"minecraft:bow":82,"minecraft:furnace":2,"minecraft:egg":2,"minecraft:iron_leggings":1,"minecraft:calcite":1,"minecraft:wheat_seeds":35,"minecraft:leather_leggings":1,"minecraft:stone_pickaxe":213,"minecraft:wooden_pickaxe":59,"minecraft:fletching_table":6,"minecraft:white_wool":1,"minecraft:crafting_table":7,"minecraft:crossbow":156,"minecolonies:supplychestdeployer":1,"minecraft:smoker":1,"minecraft:oak_log":1,"minecraft:bread":22,"minecraft:iron_pickaxe":182,"minecraft:tnt_minecart":1,"minecraft:gravel":1,"mmorpg:weapon/staff/wood":24,"minecraft:cobblestone":10,"minecraft:chainmail_boots":2,"minecraft:cooked_porkchop":2,"quark:oak_chest":8,"structurize:sceptergold":1,"minecraft:experience_bottle":3},"minecraft:dropped":{"minecraft:bread":6,"minecraft:enchanted_book":1,"minecraft:wheat_seeds":4,"minecraft:oak_log":33,"minecraft:diamond":1,"minecraft:cooked_porkchop":4,"minecraft:crossbow":3,"minecraft:iron_helmet":1,"minecraft:stick":1,"mmorpg:weapon/staff/wood":3,"minecraft:mutton":2,"minecraft:iron_door":3,"gravestone:obituary":2,"minecraft:chipped_anvil":1,"minecraft:spruce_sapling":1,"minecraft:stone_sword":1,"alexsmobs:animal_dictionary":3,"minecraft:birch_sapling":9,"minecraft:rotten_flesh":6,"minecraft:oak_planks":1,"minecraft:iron_boots":1,"minecraft:pumpkin_seeds":4,"minecraft:filled_map":1,"iceandfire:ghost_chest":2,"minecraft:shield":1,"minecraft:spruce_trapdoor":8,"minecraft:iron_chestplate":1,"minecraft:andesite":10,"minecraft:oak_sapling":1,"minecraft:bamboo":4,"minecraft:stone_bricks":9,"minecraft:beef":6,"minecraft:bow":1,"mmorpg:jewelry/ring/iron":1,"minecraft:stone_pickaxe":2,"minecraft:egg":1},"minecraft:mined":{"iceandfire:silver_ore":4,"iceandfire:copper_pile":2,"minecraft:spruce_trapdoor":8,"minecraft:granite":7,"gravestone:gravestone":3,"minecraft:grass_block":4,"minecraft:coal_block":3,"minecraft:spruce_leaves":18,"minecraft:spawner":6,"minecraft:hay_block":40,"minecraft:black_stained_glass_pane":2,"minecraft:raw_iron_block":5,"minecraft:redstone_ore":24,"minecraft:furnace":3,"minecraft:iron_ore":47,"minecraft:andesite":10,"minecraft:anvil":3,"minecraft:fletching_table":5,"minecraft:bookshelf":34,"minecraft:dirt_path":1,"iceandfire:gold_pile":3,"minecraft:vine":1,"minecraft:iron_bars":2,"valhelsia_structures:big_glazed_jar_top":1,"minecraft:stone":98,"valhelsia_structures:big_glazed_jar":7,"iceandfire:pixie_jar_empty":1,"minecraft:comparator":2,"minecraft:smoker":1,"minecraft:oak_fence":6,"minecraft:crafting_table":1,"minecraft:blast_furnace":16,"minecraft:calcite":1,"iceandfire:ghost_chest":1,"minecraft:copper_ore":1,"minecraft:tall_grass":3,"minecraft:cobblestone":14,"minecraft:lapis_ore":6,"minecraft:oak_planks":1,"minecraft:diorite":14,"minecraft:iron_door":1,"minecraft:wheat":82,"minecraft:birch_leaves":99,"minecraft:spruce_log":5,"minecraft:white_wall_banner":1,"minecraft:grass":32,"minecraft:oak_log":101,"minecraft:coal_ore":164,"iceandfire:silver_pile":3,"minecraft:gravel":131,"minecraft:cyan_carpet":1,"minecraft:dirt":10,"minecraft:cobweb":4,"minecraft:stone_bricks":12,"minecraft:chipped_anvil":1,"minecraft:gold_ore":2,"minecraft:oak_leaves":717}},"DataVersion":3465}