{"stats":{"minecraft:broken":{"minecraft:iron_boots":1,"minecraft:iron_leggings":1,"minecraft:wooden_pickaxe":1,"minecraft:stone_pickaxe":1,"minecraft:iron_helmet":2},"minecraft:killed_by":{"minecraft:pillager":1},"minecraft:crafted":{"minecraft:oak_planks":28,"minecraft:stone_shovel":1,"minecraft:furnace":2,"minecraft:bow":1,"minecraft:iron_boots":1,"minecraft:iron_axe":1,"minecraft:stone_pickaxe":2,"minecraft:smoker":1,"minecraft:wheat":63,"minecraft:arrow":96,"minecraft:emerald":12,"minecraft:cooked_porkchop":6,"minecraft:crafting_table":5,"minecraft:spruce_planks":20,"minecraft:wooden_pickaxe":1,"minecraft:iron_helmet":1,"minecraft:iron_sword":1,"minecraft:fletching_table":1,"minecraft:bread":21,"minecraft:air":0,"minecraft:iron_chestplate":1,"minecraft:shield":2,"minecraft:stick":400,"quark:oak_chest":4,"minecraft:iron_ingot":33,"minecraft:iron_pickaxe":1,"minecraft:stone_sword":1,"minecraft:iron_leggings":1},"minecraft:killed":{"minecraft:spider":4,"minecraft:vindicator":4,"minecraft:phantom":1,"minecraft:skeleton":24,"takesapillage:clay_golem":1,"minecraft:chicken":1,"alexsmobs:bison":3,"minecraft:husk":9,"minecraft:zombie_villager":1,"minecraft:frog":9,"minecraft:squid":1,"minecraft:sheep":1,"minecraft:pillager":15,"minecraft:zombie":5,"iceandfire:ghost":4,"alexsmobs:fly":1,"minecraft:enderman":1},"minecraft:custom":{"minecraft:blood":0,"minecraft:mob_kills":89,"minecraft:dexterity":21,"minecraft:interact_with_crafting_table":24,"minecraft:open_barrel":37,"minecraft:damage_dealt_resisted":39,"minecraft:leave_game":1,"minecraft:time_since_death":175292,"minecraft:climb_one_cm":15166,"minecraft:damage_resisted":52,"minecraft:mana":211,"minecraft:magic_shield":0,"minecraft:sprint_one_cm":286112,"minecraft:walk_one_cm":600517,"minecraft:drop":39,"minecraft:health":173,"minecraft:talked_to_villager":19,"minecraft:play_time":176143,"minecraft:sneak_time":1507,"minecraft:deaths":1,"minecraft:walk_under_water_one_cm":9990,"minecraft:jump":2181,"minecraft:energy":320,"minecraft:interact_with_blast_furnace":1,"minecraft:walk_on_water_one_cm":19225,"minecraft:total_world_time":176143,"minecraft:interact_with_furnace":8,"minecraft:intelligence":5,"minecraft:move_speed":0,"minecraft:traded_with_villager":18,"minecraft:tune_noteblock":1,"minecraft:sleep_in_bed":4,"minecraft:levels_gained":7,"minecraft:time_since_rest":108884,"minecraft:damage_taken":6035,"minecraft:damage_absorbed":10975,"minecraft:damage_dealt":11322,"minecraft:swim_one_cm":18175,"minecraft:fly_one_cm":341051,"minecraft:open_chest":60,"minecraft:crouch_one_cm":3478,"minecraft:strength":8,"minecraft:interact_with_smoker":5,"minecraft:fall_one_cm":71661,"minecraft:horse_one_cm":9565},"minecraft:picked_up":{"minecraft:crafting_table":1,"minecraft:iron_chestplate":4,"minecraft:wheat":91,"mmorpg:material/farming/0":7,"minecraft:clay_ball":4,"minecraft:leather_leggings":1,"mmorpg:jewelry/ring/iron":1,"gravestone:obituary":1,"minecraft:shield":2,"minecraft:cornflower":1,"minecraft:string":7,"minecraft:raw_copper":4,"minecraft:wooden_sword":1,"minecraft:iron_leggings":1,"minecraft:armor_stand":1,"minecraft:experience_bottle":2,"minecraft:tnt_minecart":2,"minecraft:gold_nugget":18,"minecraft:comparator":1,"minecraft:beef":6,"minecraft:calcite":1,"minecraft:poppy":1,"minecraft:furnace":3,"minecraft:stick":3,"mmorpg:material/mining/0":3,"minecraft:raw_iron":43,"minecraft:oak_fence":1,"mmorpg:jewelry/necklace/iron":2,"iceandfire:rotten_egg":1,"minecraft:diorite":14,"minecraft:carrot":1,"minecraft:redstone":80,"minecraft:arrow":41,"minecraft:rotten_flesh":17,"minecraft:hay_block":18,"minecraft:mutton":2,"minecraft:iron_bars":2,"minecraft:snowball":2,"minecraft:white_wool":1,"minecraft:cobblestone":100,"minecraft:leather_chestplate":1,"minecraft:iron_door":3,"minecraft:andesite":10,"mmorpg:gems/azurite/0":1,"minecraft:smoker":1,"alexsmobs:bison_fur":2,"minecraft:flint":15,"minecraft:oak_log":143,"iceandfire:ectoplasm":1,"minecraft:lapis_lazuli":42,"minecraft:dirt":14,"minecraft:white_banner":1,"minecraft:leather_boots":1,"minecraft:bone":31,"minecraft:stone_bricks":9,"iceandfire:pixie_jar_empty":1,"minecraft:kelp":39,"minecraft:bow":2,"minecraft:wheat_seeds":253,"minecraft:raw_gold":2,"minecraft:iron_ingot":2,"minecraft:stone_pickaxe":1,"minecraft:fletching_table":5,"minecraft:bamboo":5,"minecraft:iron_sword":2,"minecraft:oak_planks":1,"minecraft:book":84,"iceandfire:copper_nugget":14,"minecraft:gravel":116,"minecraft:spruce_sapling":1,"minecraft:blast_furnace":15,"minecraft:ink_sac":3,"minecraft:grass_block":1,"mmorpg:weapon/staff/wood":3,"minecraft:spruce_log":5,"minecraft:spider_eye":1,"alexsmobs:animal_dictionary":1,"minecraft:leather_helmet":1,"minecraft:diamond":1,"minecraft:crossbow":4,"minecraft:granite":7,"minecraft:golden_apple":2,"minecraft:emerald":9,"alexsmobs:maggot":2,"minecraft:oak_sapling":1,"iceandfire:silver_nugget":10,"minecraft:coal":227,"iceandfire:raw_silver":3,"minecraft:ender_pearl":1},"minecraft:used":{"minecraft:oak_fence":1,"minecraft:stone_sword":26,"minecraft:armor_stand":1,"minecraft:stone_shovel":14,"minecraft:iron_sword":409,"minecraft:diamond_helmet":1,"minecraft:snowball":2,"minecraft:iron_axe":90,"minecraft:iron_boots":2,"minecraft:bamboo":1,"minecraft:bow":82,"minecraft:furnace":2,"minecraft:calcite":1,"minecraft:wheat_seeds":35,"minecraft:leather_leggings":1,"minecraft:stone_pickaxe":213,"minecraft:wooden_pickaxe":59,"minecraft:fletching_table":6,"minecraft:white_wool":1,"minecraft:crafting_table":6,"minecraft:crossbow":59,"minecolonies:supplychestdeployer":1,"minecraft:smoker":1,"minecraft:oak_log":1,"minecraft:bread":15,"minecraft:iron_pickaxe":163,"minecraft:tnt_minecart":1,"minecraft:gravel":1,"mmorpg:weapon/staff/wood":22,"minecraft:cobblestone":10,"minecraft:chainmail_boots":2,"minecraft:cooked_porkchop":2,"quark:oak_chest":4,"structurize:sceptergold":1,"minecraft:experience_bottle":2},"minecraft:dropped":{"minecraft:enchanted_book":1,"minecraft:wheat_seeds":1,"minecraft:oak_log":33,"minecraft:diamond":1,"minecraft:cooked_porkchop":4,"minecraft:crossbow":2,"minecraft:iron_helmet":1,"mmorpg:weapon/staff/wood":3,"minecraft:iron_door":3,"gravestone:obituary":1,"minecraft:spruce_sapling":1,"minecraft:stone_sword":1,"alexsmobs:animal_dictionary":3,"minecraft:rotten_flesh":6,"minecraft:oak_planks":1,"minecraft:iron_boots":1,"minecraft:pumpkin_seeds":4,"minecraft:shield":1,"minecraft:iron_chestplate":1,"minecraft:andesite":10,"minecraft:oak_sapling":1,"minecraft:bamboo":4,"minecraft:stone_bricks":9,"minecraft:bow":1,"mmorpg:jewelry/ring/iron":1,"minecraft:stone_pickaxe":2},"minecraft:mined":{"iceandfire:silver_ore":4,"iceandfire:copper_pile":2,"minecraft:granite":7,"gravestone:gravestone":2,"minecraft:grass_block":3,"minecraft:spruce_leaves":18,"minecraft:spawner":6,"minecraft:hay_block":18,"minecraft:black_stained_glass_pane":2,"minecraft:redstone_ore":24,"minecraft:furnace":3,"minecraft:iron_ore":44,"minecraft:andesite":10,"minecraft:fletching_table":5,"minecraft:bookshelf":34,"minecraft:dirt_path":1,"iceandfire:gold_pile":3,"minecraft:vine":1,"minecraft:iron_bars":2,"valhelsia_structures:big_glazed_jar_top":1,"minecraft:stone":98,"valhelsia_structures:big_glazed_jar":5,"iceandfire:pixie_jar_empty":1,"minecraft:comparator":1,"minecraft:smoker":1,"minecraft:oak_fence":6,"minecraft:crafting_table":1,"minecraft:blast_furnace":15,"minecraft:calcite":1,"minecraft:copper_ore":1,"minecraft:tall_grass":3,"minecraft:cobblestone":14,"minecraft:lapis_ore":6,"minecraft:oak_planks":1,"minecraft:diorite":14,"minecraft:iron_door":1,"minecraft:wheat":73,"minecraft:spruce_log":5,"minecraft:white_wall_banner":1,"minecraft:grass":14,"minecraft:oak_log":101,"minecraft:coal_ore":164,"iceandfire:silver_pile":3,"minecraft:gravel":131,"minecraft:cyan_carpet":1,"minecraft:dirt":10,"minecraft:cobweb":4,"minecraft:stone_bricks":12,"minecraft:gold_ore":2}},"DataVersion":3465}