{"stats":{"minecraft:crafted":{"minecraft:oak_planks":32,"minecraft:furnace":2,"minecraft:cooked_mutton":2,"minecraft:iron_axe":1,"minecraft:stone_pickaxe":3,"minecraft:stone_hoe":1,"minecraft:smoker":1,"minecraft:wheat":63,"minecraft:cooked_beef":3,"minecraft:coal_block":14,"minecraft:cooked_porkchop":7,"minecraft:crafting_table":4,"minecraft:wooden_pickaxe":1,"irons_spellbooks:furled_map":1,"minecraft:stone_axe":2,"minecraft:bread":36,"minecraft:air":0,"minecraft:stick":20,"quark:oak_chest":8,"minecraft:iron_ingot":31,"minecraft:iron_pickaxe":1,"mmorpg:salvaging_station":1,"minecraft:torch":12},"minecraft:broken":{"minecraft:golden_helmet":1,"minecraft:stone_pickaxe":1},"minecraft:custom":{"minecraft:blood":0,"minecraft:mob_kills":153,"minecraft:dexterity":5,"minecraft:interact_with_crafting_table":18,"minecraft:open_barrel":53,"minecraft:leave_game":3,"minecraft:time_since_death":120909,"minecraft:climb_one_cm":20406,"minecraft:mana":568,"minecraft:magic_shield":18,"minecraft:sprint_one_cm":300006,"minecraft:walk_one_cm":837067,"minecraft:drop":18,"minecraft:health":187,"minecraft:talked_to_villager":4,"minecraft:play_time":163296,"minecraft:deaths":2,"minecraft:sneak_time":2252,"minecraft:walk_under_water_one_cm":3341,"minecraft:jump":2661,"minecraft:energy":182,"minecraft:walk_on_water_one_cm":6678,"minecraft:total_world_time":163296,"minecraft:interact_with_furnace":22,"minecraft:intelligence":40,"minecraft:move_speed":0,"minecraft:traded_with_villager":1,"minecraft:sleep_in_bed":3,"minecraft:levels_gained":8,"minecraft:time_since_rest":6019,"minecraft:damage_taken":3565,"minecraft:damage_absorbed":4943,"minecraft:damage_dealt":760,"minecraft:swim_one_cm":16992,"minecraft:fly_one_cm":460177,"minecraft:open_chest":113,"minecraft:crouch_one_cm":4574,"minecraft:strength":7,"minecraft:interact_with_smoker":13,"minecraft:fall_one_cm":79333},"minecraft:killed":{"irons_spellbooks:summoned_zombie":5,"minecraft:spider":9,"minecraft:vindicator":4,"minecraft:phantom":5,"minecraft:skeleton":26,"minecraft:chicken":2,"mmorpg:zombie":7,"alexsmobs:bison":5,"irons_spellbooks:summoned_skeleton":5,"minecraft:pig":6,"minecraft:zombie_villager":1,"iceandfire:troll":1,"minecraft:bat":3,"irons_spellbooks:necromancer":2,"minecraft:creeper":19,"minecraft:sheep":7,"minecraft:pillager":12,"minecraft:zombie":24,"iceandfire:ghost":3,"alexsmobs:terrapin":1,"alexsmobs:crow":1,"minecraft:enderman":1},"minecraft:killed_by":{"minecraft:pillager":1,"minecraft:skeleton":1},"minecraft:used":{"irons_spellbooks:inscription_table":2,"minecraft:iron_sword":18,"minecraft:stone_hoe":12,"minecraft:cooked_chicken":1,"minecraft:torch":17,"minecraft:lantern":1,"minecraft:iron_axe":3,"minecraft:furnace":1,"minecraft:goat_horn":3,"minecraft:cooked_mutton":2,"minecraft:water_bucket":4,"minecraft:stone_pickaxe":273,"minecraft:wooden_pickaxe":3,"minecraft:crafting_table":4,"minecraft:smoker":2,"mmorpg:salvaging_station":1,"minecraft:oak_log":7,"minecraft:iron_pickaxe":137,"minecraft:stone_axe":111,"mmorpg:weapon/staff/wood":5,"minecraft:cobblestone":85,"minecraft:cooked_porkchop":8,"minecraft:bucket":4,"minecraft:yellow_bed":3,"quark:oak_chest":8,"minecraft:experience_bottle":4},"minecraft:picked_up":{"minecraft:crafting_table":1,"minecraft:iron_chestplate":1,"minecraft:chicken":1,"mmorpg:jewelry/ring/iron":2,"minecraft:shield":1,"minecraft:raw_copper":42,"minecraft:string":46,"minecraft:iron_axe":1,"minecraft:iron_leggings":4,"mmorpg:currency/enchant_reroll":1,"minecraft:cracked_stone_bricks":2,"irons_spellbooks:arcane_essence":2,"minecraft:beef":39,"minecraft:coal_block":16,"irons_spellbooks:inscription_table":2,"minecraft:phantom_membrane":2,"minecraft:iron_boots":1,"minecraft:egg":1,"minecraft:raw_iron":34,"mmorpg:material/mining/0":1,"minecraft:stick":5,"minecraft:golden_helmet":1,"mmorpg:gems/emerald/0":2,"minecraft:torch":1,"minecraft:porkchop":13,"mmorpg:currency/up_corrupt_affix":2,"minecraft:arrow":38,"minecraft:rotten_flesh":19,"minecraft:hay_block":13,"minecraft:iron_block":3,"minecraft:mutton":8,"minecraft:snowball":2,"minecraft:rail":1,"minecraft:white_wool":8,"minecraft:cobblestone":167,"iceandfire:sapphire_gem":1,"minecraft:andesite":1,"minecraft:smoker":1,"mmorpg:chest/common_gear":1,"alexsmobs:bison_fur":9,"minecraft:oak_log":57,"minecraft:yellow_bed":3,"minecraft:gunpowder":17,"minecraft:dirt":35,"minecraft:lantern":3,"minecraft:bone":32,"minecraft:bow":2,"minecraft:wheat_seeds":2,"iceandfire:troll_leather_frost":2,"minecraft:iron_sword":2,"minecraft:oak_planks":9,"mmorpg:skill_gems/support/str":1,"minecraft:cooked_porkchop":10,"mmorpg:currency/jewel_upgrade_affix":1,"mmorpg:stat_soul":2,"minecraft:spruce_sapling":4,"mmorpg:weapon/staff/wood":8,"minecraft:spruce_log":7,"minecraft:spider_eye":1,"mmorpg:gems/garnet/0":1,"minecraft:iron_helmet":2,"minecraft:crossbow":1,"minecraft:gray_wool":1,"minecraft:emerald":12,"minecraft:oak_sapling":4,"minecraft:coal":140,"iceandfire:raw_silver":21,"minecraft:ender_pearl":1},"minecraft:mined":{"iceandfire:silver_ore":21,"gravestone:gravestone":1,"minecraft:coal_block":16,"minecraft:spruce_leaves":46,"minecraft:hay_block":13,"minecraft:iron_ore":34,"minecraft:fire":4,"minecraft:andesite":1,"minecraft:vine":1,"minecraft:rail":1,"minecraft:iron_bars":1,"irons_spellbooks:inscription_table":2,"minecraft:stone":152,"minecraft:iron_block":3,"minecraft:white_wool":1,"minecraft:smoker":1,"minecraft:crafting_table":1,"minecraft:torch":1,"minecraft:emerald_ore":3,"minecraft:copper_ore":11,"minecraft:cobblestone":18,"minecraft:oak_planks":2,"minecraft:spruce_log":6,"minecraft:yellow_bed":3,"minecraft:grass":4,"minecraft:coal_ore":143,"minecraft:oak_log":59,"minecraft:sunflower":1,"minecraft:gravel":1,"minecraft:dirt":1,"minecraft:cobweb":1,"minecraft:cracked_stone_bricks":2,"minecraft:oak_leaves":96},"minecraft:dropped":{"minecraft:cooked_porkchop":6,"alexsmobs:bison_fur":2,"mmorpg:weapon/staff/wood":2,"minecraft:snowball":2,"gravestone:obituary":2,"minecraft:iron_axe":1,"minecraft:string":34,"minecraft:chicken":1,"minecraft:oak_planks":7,"minecraft:iron_chestplate":1,"minecraft:arrow":26,"mmorpg:jewelry/ring/iron":1,"minecraft:beef":6}},"DataVersion":3465}