{"stats":{"minecraft:crafted":{"minecraft:crafting_table":1,"minecraft:wooden_pickaxe":1,"minecraft:bread":83,"minecraft:stone_pickaxe":1,"minecraft:dark_oak_planks":68,"minecraft:torch":28,"minecraft:wheat":189},"minecraft:killed":{"minecraft:pig":2,"minecraft:spider":2,"minecraft:creeper":4,"minecraft:sheep":3,"minecraft:skeleton":9,"minecraft:pillager":1,"alexsmobs:blue_jay":1,"minecraft:zombie":8,"alexsmobs:fly":1},"minecraft:custom":{"minecraft:blood":0,"minecraft:mob_kills":32,"minecraft:dexterity":9,"minecraft:intelligence":5,"minecraft:move_speed":0,"minecraft:interact_with_crafting_table":11,"minecraft:open_barrel":28,"minecraft:interact_with_campfire":8,"minecraft:leave_game":1,"minecraft:time_since_death":43842,"minecraft:levels_gained":4,"minecraft:mana":142,"minecraft:time_since_rest":43842,"minecraft:magic_shield":9,"minecraft:sprint_one_cm":112498,"minecraft:damage_absorbed":1853,"minecraft:damage_taken":1212,"minecraft:walk_one_cm":111633,"minecraft:drop":16,"minecraft:damage_dealt":4661,"minecraft:health":196,"minecraft:damage_dealt_absorbed":44,"minecraft:swim_one_cm":13864,"minecraft:fly_one_cm":161060,"minecraft:open_chest":14,"minecraft:crouch_one_cm":422,"minecraft:play_time":43842,"minecraft:sneak_time":209,"minecraft:walk_under_water_one_cm":2904,"minecraft:jump":873,"minecraft:energy":170,"minecraft:interact_with_blast_furnace":3,"minecraft:walk_on_water_one_cm":7470,"minecraft:strength":20,"minecraft:total_world_time":43842,"minecraft:fall_one_cm":17801},"minecraft:picked_up":{"minecraft:crafting_table":2,"minecraft:feather":1,"minecraft:rabbit_stew":1,"minecraft:potato":1,"minecraft:shield":1,"minecraft:gunpowder":2,"minecraft:string":2,"minecraft:dirt":4,"minecraft:iron_leggings":1,"minecraft:beetroot_soup":1,"minecraft:cooked_mutton":6,"minecraft:bone":13,"minecraft:bow":2,"minecraft:wheat_seeds":1,"minecraft:player_head":1,"minecraft:light_gray_wool":1,"mmorpg:offhand/tome/iron":1,"minecraft:iron_sword":1,"minecraft:iron_boots":1,"minecraft:raw_iron":7,"minecraft:cooked_porkchop":3,"minecraft:torch":1,"minecraft:porkchop":5,"mmorpg:jewelry/necklace/iron":1,"sophisticatedbackpacks:iron_backpack":1,"mmorpg:gems/garnet/0":1,"minecraft:arrow":13,"minecraft:honey_bottle":2,"minecraft:rotten_flesh":6,"minecraft:pumpkin_pie":1,"mmorpg:gems/ruby/0":1,"minecraft:iron_helmet":1,"minecraft:hay_block":21,"minecraft:emerald":1,"iceandfire:raw_silver":2,"minecraft:mutton":5,"minecraft:coal":56,"minecraft:cobblestone":25,"minecraft:white_wool":2,"minecraft:sunflower":1},"minecraft:used":{"minecraft:stone_pickaxe":88,"minecraft:wooden_pickaxe":3,"minecraft:iron_sword":200,"minecraft:torch":29,"minecraft:dirt":4,"minecraft:crafting_table":3,"minecraft:carrot":3,"minecraft:dark_oak_planks":1,"minecraft:iron_boots":1,"minecraft:rabbit_stew":1,"minecraft:light_gray_wool":1,"minecraft:bow":29,"minecraft:cooked_porkchop":1,"minecraft:experience_bottle":3,"minecraft:beetroot_soup":1},"minecraft:dropped":{"minecraft:golden_boots":1,"minecraft:iron_sword":1,"minecraft:porkchop":1,"minecraft:wheat_seeds":2,"alexsmobs:animal_dictionary":1,"minecraft:bowl":2,"minecraft:wheat":2,"minecraft:feather":1,"minecraft:rotten_flesh":4,"mmorpg:weapon/staff/wood":1,"minecraft:leather_chestplate":1,"minecraft:wooden_pickaxe":1,"minecraft:paper":6,"minecraft:string":2},"minecraft:mined":{"iceandfire:silver_ore":2,"minecraft:crafting_table":2,"minecraft:grass_block":3,"minecraft:wall_torch":1,"minecraft:hay_block":21,"minecraft:iron_ore":7,"minecraft:grass":4,"minecraft:coal_ore":56,"minecraft:sunflower":1,"minecraft:dirt":1,"minecraft:stone":25,"minecraft:player_head":1}},"DataVersion":3465}