{"stats":{"minecraft:broken":{"minecraft:stone_pickaxe":1},"minecraft:crafted":{"minecraft:crafting_table":2,"minecraft:wooden_pickaxe":1,"minecraft:furnace":1,"minecraft:stone_axe":1,"minecraft:bread":83,"minecraft:stick":16,"minecraft:stone_pickaxe":2,"minecraft:dark_oak_planks":68,"minecraft:torch":76,"minecraft:wheat":189},"minecraft:killed":{"minecraft:pig":2,"minecraft:spider":2,"minecraft:creeper":5,"minecraft:sheep":3,"minecraft:skeleton":9,"minecraft:pillager":1,"alexsmobs:blue_jay":1,"minecraft:zombie":8,"alexsmobs:fly":1},"minecraft:custom":{"minecraft:blood":0,"minecraft:interact_with_furnace":1,"minecraft:mob_kills":33,"minecraft:dexterity":9,"minecraft:intelligence":5,"minecraft:move_speed":0,"minecraft:interact_with_crafting_table":13,"minecraft:open_barrel":44,"minecraft:interact_with_campfire":8,"minecraft:leave_game":1,"minecraft:time_since_death":55842,"minecraft:climb_one_cm":536,"minecraft:levels_gained":4,"minecraft:mana":141,"minecraft:time_since_rest":55842,"minecraft:magic_shield":9,"minecraft:sprint_one_cm":147332,"minecraft:damage_absorbed":1946,"minecraft:damage_taken":1338,"minecraft:walk_one_cm":137483,"minecraft:drop":21,"minecraft:damage_dealt":4752,"minecraft:health":210,"minecraft:damage_dealt_absorbed":44,"minecraft:swim_one_cm":19729,"minecraft:fly_one_cm":242559,"minecraft:open_chest":15,"minecraft:crouch_one_cm":679,"minecraft:play_time":55842,"minecraft:sneak_time":504,"minecraft:walk_under_water_one_cm":3075,"minecraft:jump":1212,"minecraft:energy":170,"minecraft:interact_with_blast_furnace":3,"minecraft:walk_on_water_one_cm":8187,"minecraft:strength":25,"minecraft:total_world_time":55842,"minecraft:fall_one_cm":29006},"minecraft:picked_up":{"minecraft:crafting_table":2,"minecraft:feather":1,"minecraft:andesite":1,"minecraft:rabbit_stew":1,"minecraft:potato":1,"minecraft:oak_log":13,"minecraft:shield":1,"minecraft:gunpowder":4,"minecraft:string":2,"minecraft:dirt":4,"minecraft:iron_leggings":1,"minecraft:beetroot_soup":1,"minecraft:cooked_mutton":6,"minecraft:bone":13,"minecraft:bow":2,"minecraft:wheat_seeds":1,"minecraft:player_head":1,"minecraft:light_gray_wool":1,"minecraft:melon_slice":7,"mmorpg:offhand/tome/iron":1,"minecraft:iron_sword":1,"minecraft:iron_boots":1,"minecraft:raw_iron":7,"minecraft:cooked_porkchop":3,"minecraft:torch":1,"minecraft:porkchop":5,"mmorpg:jewelry/necklace/iron":1,"sophisticatedbackpacks:iron_backpack":1,"mmorpg:weapon/staff/wood":1,"mmorpg:gems/garnet/0":1,"minecraft:arrow":13,"minecraft:honey_bottle":2,"minecraft:rotten_flesh":6,"minecraft:pumpkin_pie":1,"mmorpg:gems/ruby/0":1,"minecraft:iron_helmet":1,"minecraft:hay_block":21,"minecraft:emerald":1,"iceandfire:raw_silver":4,"minecraft:mutton":5,"minecraft:coal":83,"minecraft:cobblestone":70,"minecraft:white_wool":2,"minecraft:sunflower":1},"minecraft:used":{"minecraft:stone_pickaxe":164,"minecraft:wooden_pickaxe":3,"minecraft:iron_sword":202,"minecraft:torch":43,"minecraft:dirt":4,"minecraft:crafting_table":4,"minecraft:carrot":3,"minecraft:dark_oak_planks":1,"minecraft:bread":3,"minecraft:iron_boots":1,"minecraft:rabbit_stew":1,"minecraft:light_gray_wool":1,"minecraft:cobblestone":1,"minecraft:bow":35,"minecraft:furnace":1,"minecraft:goat_horn":1,"minecraft:cooked_porkchop":1,"minecraft:andesite":1,"minecraft:experience_bottle":3,"minecraft:beetroot_soup":1},"minecraft:dropped":{"minecraft:golden_boots":1,"minecraft:iron_sword":1,"minecraft:porkchop":1,"minecraft:wheat_seeds":2,"alexsmobs:animal_dictionary":1,"minecraft:bowl":2,"minecraft:wheat":2,"minecraft:feather":1,"minecraft:rotten_flesh":4,"mmorpg:weapon/staff/wood":4,"minecraft:leather_chestplate":1,"mmorpg:offhand/tome/iron":1,"minecraft:iron_leggings":1,"minecraft:wooden_pickaxe":1,"minecraft:paper":6,"minecraft:string":2},"minecraft:mined":{"iceandfire:silver_ore":4,"minecraft:crafting_table":2,"minecraft:grass_block":3,"minecraft:melon":1,"minecraft:wall_torch":1,"minecraft:hay_block":21,"minecraft:iron_ore":7,"minecraft:andesite":1,"minecraft:grass":4,"minecraft:oak_log":13,"minecraft:coal_ore":84,"minecraft:sunflower":1,"minecraft:dirt":1,"minecraft:stone":70,"minecraft:player_head":1,"minecraft:oak_leaves":3}},"DataVersion":3465}