{"stats":{"minecraft:crafted":{"minecraft:crafting_table":1,"minecraft:wooden_pickaxe":1,"minecraft:stone_pickaxe":1,"minecraft:dark_oak_planks":4},"minecraft:killed":{"minecraft:sheep":1,"minecraft:zombie":1,"minecraft:pig":1},"minecraft:custom":{"minecraft:time_since_rest":7842,"minecraft:blood":0,"minecraft:magic_shield":0,"minecraft:sprint_one_cm":10134,"minecraft:walk_one_cm":15624,"minecraft:damage_taken":240,"minecraft:damage_absorbed":80,"minecraft:mob_kills":3,"minecraft:drop":1,"minecraft:dexterity":5,"minecraft:intelligence":5,"minecraft:damage_dealt":383,"minecraft:health":120,"minecraft:move_speed":0,"minecraft:interact_with_crafting_table":3,"minecraft:fly_one_cm":18651,"minecraft:open_barrel":2,"minecraft:open_chest":2,"minecraft:crouch_one_cm":6,"minecraft:play_time":7842,"minecraft:sneak_time":3,"minecraft:jump":140,"minecraft:energy":100,"minecraft:leave_game":1,"minecraft:time_since_death":7842,"minecraft:strength":10,"minecraft:total_world_time":7842,"minecraft:fall_one_cm":4679,"minecraft:mana":100},"minecraft:picked_up":{"minecraft:porkchop":3,"minecraft:rotten_flesh":2,"minecraft:hay_block":4,"minecraft:mutton":2,"minecraft:coal":8,"minecraft:iron_boots":1,"minecraft:white_wool":1,"minecraft:cobblestone":12,"minecraft:sunflower":1},"minecraft:used":{"minecraft:stone_pickaxe":18,"minecraft:wooden_pickaxe":3,"minecraft:iron_sword":22,"minecraft:iron_boots":1,"minecraft:crafting_table":1},"minecraft:dropped":{"minecraft:wooden_pickaxe":1},"minecraft:mined":{"minecraft:hay_block":4,"minecraft:coal_ore":8,"minecraft:sunflower":1,"minecraft:stone":12}},"DataVersion":3465}