{"stats":{"minecraft:crafted":{"minecraft:crafting_table":1,"minecraft:wooden_pickaxe":1,"minecraft:bread":71,"minecraft:stone_pickaxe":1,"minecraft:dark_oak_planks":68,"minecraft:torch":28,"minecraft:wheat":153},"minecraft:killed":{"minecraft:pig":2,"minecraft:spider":1,"minecraft:creeper":1,"minecraft:sheep":3,"minecraft:skeleton":4,"minecraft:pillager":1,"alexsmobs:blue_jay":1,"minecraft:zombie":4,"alexsmobs:fly":1},"minecraft:custom":{"minecraft:blood":0,"minecraft:mob_kills":19,"minecraft:dexterity":5,"minecraft:intelligence":5,"minecraft:move_speed":0,"minecraft:interact_with_crafting_table":10,"minecraft:open_barrel":17,"minecraft:interact_with_campfire":8,"minecraft:leave_game":1,"minecraft:time_since_death":31842,"minecraft:levels_gained":3,"minecraft:mana":136,"minecraft:time_since_rest":31842,"minecraft:magic_shield":9,"minecraft:sprint_one_cm":83461,"minecraft:damage_absorbed":609,"minecraft:damage_taken":950,"minecraft:walk_one_cm":83295,"minecraft:drop":13,"minecraft:damage_dealt":2553,"minecraft:health":197,"minecraft:swim_one_cm":7340,"minecraft:fly_one_cm":97140,"minecraft:open_chest":7,"minecraft:crouch_one_cm":291,"minecraft:play_time":31842,"minecraft:sneak_time":137,"minecraft:walk_under_water_one_cm":1595,"minecraft:jump":606,"minecraft:energy":120,"minecraft:interact_with_blast_furnace":3,"minecraft:walk_on_water_one_cm":2394,"minecraft:strength":20,"minecraft:total_world_time":31842,"minecraft:fall_one_cm":14460},"minecraft:picked_up":{"minecraft:crafting_table":2,"minecraft:feather":1,"minecraft:rabbit_stew":1,"minecraft:string":2,"minecraft:dirt":4,"minecraft:beetroot_soup":1,"minecraft:cooked_mutton":6,"minecraft:bone":4,"minecraft:bow":2,"minecraft:wheat_seeds":1,"minecraft:player_head":1,"minecraft:light_gray_wool":1,"minecraft:iron_boots":1,"minecraft:raw_iron":7,"minecraft:cooked_porkchop":3,"minecraft:torch":1,"minecraft:porkchop":5,"mmorpg:jewelry/necklace/iron":1,"minecraft:arrow":8,"minecraft:honey_bottle":2,"minecraft:rotten_flesh":4,"minecraft:pumpkin_pie":1,"minecraft:hay_block":17,"minecraft:emerald":1,"iceandfire:raw_silver":2,"minecraft:mutton":5,"minecraft:coal":52,"minecraft:cobblestone":21,"minecraft:white_wool":2,"minecraft:sunflower":1},"minecraft:used":{"minecraft:stone_pickaxe":80,"minecraft:wooden_pickaxe":3,"minecraft:iron_sword":128,"minecraft:torch":25,"minecraft:dirt":4,"minecraft:crafting_table":3,"minecraft:carrot":3,"minecraft:dark_oak_planks":1,"minecraft:iron_boots":1,"minecraft:light_gray_wool":1,"minecraft:bow":17,"minecraft:cooked_porkchop":1,"minecraft:beetroot_soup":1},"minecraft:dropped":{"minecraft:golden_boots":1,"minecraft:porkchop":1,"minecraft:wheat_seeds":2,"alexsmobs:animal_dictionary":1,"minecraft:bowl":1,"minecraft:wheat":2,"minecraft:feather":1,"minecraft:rotten_flesh":4,"minecraft:leather_chestplate":1,"minecraft:wooden_pickaxe":1,"minecraft:paper":6,"minecraft:string":2},"minecraft:mined":{"iceandfire:silver_ore":2,"minecraft:crafting_table":2,"minecraft:grass_block":3,"minecraft:wall_torch":1,"minecraft:hay_block":17,"minecraft:iron_ore":7,"minecraft:grass":3,"minecraft:coal_ore":52,"minecraft:sunflower":1,"minecraft:dirt":1,"minecraft:stone":21,"minecraft:player_head":1}},"DataVersion":3465}