{"stats":{"minecraft:crafted":{"minecraft:crafting_table":1,"minecraft:wooden_pickaxe":1,"minecraft:stone_pickaxe":1,"minecraft:dark_oak_planks":4,"minecraft:torch":28,"minecraft:bread":39,"minecraft:wheat":72},"minecraft:killed":{"minecraft:sheep":3,"minecraft:skeleton":3,"alexsmobs:blue_jay":1,"minecraft:zombie":4,"minecraft:pig":1,"minecraft:creeper":1},"minecraft:custom":{"minecraft:time_since_rest":19842,"minecraft:blood":0,"minecraft:magic_shield":0,"minecraft:sprint_one_cm":56713,"minecraft:walk_one_cm":54156,"minecraft:damage_taken":766,"minecraft:damage_absorbed":469,"minecraft:mob_kills":14,"minecraft:drop":2,"minecraft:dexterity":5,"minecraft:intelligence":5,"minecraft:damage_dealt":1832,"minecraft:health":175,"minecraft:move_speed":0,"minecraft:interact_with_crafting_table":5,"minecraft:fly_one_cm":67859,"minecraft:open_barrel":4,"minecraft:open_chest":3,"minecraft:crouch_one_cm":179,"minecraft:play_time":19842,"minecraft:interact_with_campfire":8,"minecraft:sneak_time":50,"minecraft:jump":426,"minecraft:energy":110,"minecraft:interact_with_blast_furnace":1,"minecraft:leave_game":1,"minecraft:time_since_death":19842,"minecraft:strength":20,"minecraft:total_world_time":19842,"minecraft:levels_gained":2,"minecraft:fall_one_cm":9204,"minecraft:mana":114},"minecraft:picked_up":{"minecraft:feather":1,"minecraft:cooked_porkchop":3,"minecraft:torch":1,"minecraft:porkchop":3,"mmorpg:jewelry/necklace/iron":1,"minecraft:dirt":4,"minecraft:beetroot_soup":1,"minecraft:cooked_mutton":5,"minecraft:bone":3,"minecraft:arrow":5,"minecraft:honey_bottle":1,"minecraft:rotten_flesh":4,"minecraft:bow":2,"minecraft:wheat_seeds":1,"minecraft:hay_block":8,"minecraft:player_head":1,"minecraft:light_gray_wool":1,"minecraft:mutton":5,"minecraft:coal":17,"minecraft:iron_boots":1,"minecraft:white_wool":2,"minecraft:cobblestone":12,"minecraft:sunflower":1},"minecraft:used":{"minecraft:stone_pickaxe":27,"minecraft:wooden_pickaxe":3,"minecraft:iron_sword":88,"minecraft:iron_boots":1,"minecraft:light_gray_wool":1,"minecraft:torch":22,"minecraft:dirt":4,"minecraft:bow":17,"minecraft:crafting_table":1,"minecraft:cooked_porkchop":1,"minecraft:carrot":3},"minecraft:dropped":{"minecraft:wheat_seeds":2,"minecraft:wooden_pickaxe":1},"minecraft:mined":{"minecraft:hay_block":8,"minecraft:grass":2,"minecraft:grass_block":3,"minecraft:coal_ore":17,"minecraft:dirt":1,"minecraft:sunflower":1,"minecraft:stone":12,"minecraft:player_head":1,"minecraft:wall_torch":1}},"DataVersion":3465}