{"stats":{"minecraft:broken":{"minecraft:stone_pickaxe":2,"minecraft:iron_sword":1},"minecraft:crafted":{"minecraft:furnace":1,"minecraft:iron_axe":1,"minecraft:stone_pickaxe":4,"minecraft:dark_oak_planks":68,"minecraft:wheat":189,"minecraft:crafting_table":3,"minecraft:wooden_pickaxe":1,"minecraft:stone_axe":1,"minecraft:bread":83,"minecraft:air":0,"minecraft:stick":24,"minecraft:iron_ingot":38,"minecraft:iron_pickaxe":1,"minecraft:torch":76},"minecraft:killed":{"minecraft:spider":5,"minecraft:skeleton":15,"alexsmobs:blue_jay":1,"minecraft:pig":5,"alexsmobs:grizzly_bear":1,"minecraft:creeper":5,"minecraft:sheep":3,"minecraft:pillager":1,"minecraft:zombie":11,"alexsmobs:fly":1},"minecraft:custom":{"minecraft:blood":0,"minecraft:interact_with_anvil":1,"minecraft:mob_kills":50,"minecraft:dexterity":11,"minecraft:interact_with_crafting_table":16,"minecraft:open_barrel":45,"minecraft:interact_with_campfire":12,"minecraft:leave_game":1,"minecraft:time_since_death":91842,"minecraft:climb_one_cm":1508,"minecraft:mana":151,"minecraft:magic_shield":9,"minecraft:sprint_one_cm":253493,"minecraft:walk_one_cm":250458,"minecraft:drop":34,"minecraft:health":220,"minecraft:damage_dealt_absorbed":106,"minecraft:play_time":91842,"minecraft:sneak_time":825,"minecraft:walk_under_water_one_cm":5244,"minecraft:jump":2235,"minecraft:energy":200,"minecraft:interact_with_blast_furnace":4,"minecraft:walk_on_water_one_cm":18469,"minecraft:total_world_time":91842,"minecraft:interact_with_furnace":14,"minecraft:intelligence":5,"minecraft:move_speed":0,"minecraft:sleep_in_bed":1,"minecraft:levels_gained":5,"minecraft:time_since_rest":7589,"minecraft:damage_taken":2251,"minecraft:damage_absorbed":4201,"minecraft:damage_dealt":8127,"minecraft:swim_one_cm":26287,"minecraft:fly_one_cm":412152,"minecraft:open_chest":22,"minecraft:crouch_one_cm":1105,"minecraft:strength":25,"minecraft:interact_with_smoker":1,"minecraft:fall_one_cm":54017},"minecraft:picked_up":{"minecraft:crafting_table":4,"minecraft:rabbit_stew":1,"minecraft:shield":1,"iceandfire:manuscript":7,"minecraft:string":5,"minecraft:iron_leggings":1,"minecraft:beetroot_soup":1,"minecraft:gold_nugget":17,"minecraft:player_head":1,"minecraft:light_gray_wool":1,"minecraft:melon_slice":20,"mmorpg:offhand/tome/iron":1,"minecraft:iron_boots":1,"minecraft:furnace":1,"mmorpg:skill_gems/support/dex":1,"minecraft:stick":4,"mmorpg:material/mining/0":1,"minecraft:raw_iron":38,"iceandfire:ghost_chest":1,"minecraft:jukebox":1,"minecraft:torch":1,"minecraft:porkchop":9,"mmorpg:jewelry/necklace/iron":1,"minecraft:arrow":21,"minecraft:honey_bottle":2,"minecraft:rotten_flesh":11,"minecraft:pumpkin_pie":1,"minecraft:hay_block":27,"sophisticatedbackpacks:copper_backpack":1,"minecraft:mutton":5,"minecraft:white_wool":2,"minecraft:skeleton_skull":1,"minecraft:cobblestone":79,"minecraft:feather":1,"minecraft:andesite":3,"minecraft:potato":1,"alexsmobs:bear_fur":2,"quark:music_disc_rain":1,"minecraft:oak_log":15,"iceandfire:ectoplasm":1,"minecraft:gunpowder":4,"minecraft:dirt":25,"minecraft:leather_boots":1,"minecraft:cooked_mutton":6,"minecraft:bone":24,"minecraft:chipped_anvil":1,"minecraft:bow":2,"minecraft:wheat_seeds":1,"minecraft:stone_pickaxe":1,"minecraft:iron_sword":1,"minecraft:cooked_porkchop":7,"sophisticatedbackpacks:iron_backpack":1,"mmorpg:weapon/staff/wood":1,"minecraft:spider_eye":1,"mmorpg:gems/garnet/0":1,"mmorpg:gems/ruby/0":1,"minecraft:iron_helmet":2,"minecraft:emerald":1,"minecraft:bread":18,"minecraft:dark_oak_fence":2,"mmorpg:offhand/dodge/iron":1,"minecraft:coal":192,"iceandfire:raw_silver":16,"minecraft:sunflower":1},"minecraft:used":{"minecraft:stone_sword":34,"minecraft:iron_sword":347,"minecraft:torch":77,"minecraft:dirt":4,"minecraft:carrot":3,"minecraft:dark_oak_planks":1,"minecraft:chipped_anvil":1,"minecraft:iron_axe":10,"minecraft:iron_boots":1,"minecraft:rabbit_stew":1,"minecraft:light_gray_wool":1,"minecraft:bow":43,"minecraft:goat_horn":1,"minecraft:furnace":1,"minecraft:beetroot_soup":1,"minecraft:stone_pickaxe":301,"minecraft:wooden_pickaxe":3,"minecraft:crafting_table":5,"minecraft:oak_log":2,"minecraft:bread":10,"minecraft:iron_pickaxe":7,"minecraft:stone_axe":1,"minecraft:cobblestone":3,"minecraft:potion":1,"minecraft:cooked_porkchop":2,"minecraft:andesite":1,"minecraft:experience_bottle":3},"minecraft:dropped":{"minecraft:golden_boots":1,"minecraft:bread":62,"minecraft:iron_sword":1,"minecraft:porkchop":1,"minecraft:wheat_seeds":2,"minecraft:glass_bottle":1,"minecraft:feather":1,"mmorpg:weapon/staff/wood":4,"minecraft:stick":4,"minecraft:iron_leggings":1,"minecraft:pumpkin_pie":3,"minecraft:paper":6,"minecraft:string":3,"minecraft:stone_axe":1,"alexsmobs:animal_dictionary":1,"minecraft:bowl":2,"minecraft:wheat":2,"minecraft:rotten_flesh":4,"minecraft:leather_chestplate":1,"minecraft:gunpowder":4,"mmorpg:offhand/tome/iron":1,"minecraft:andesite":2,"minecraft:arrow":1,"minecraft:bow":1,"minecraft:stone_pickaxe":2,"minecraft:wooden_pickaxe":1},"minecraft:mined":{"iceandfire:silver_ore":16,"minecraft:dark_oak_fence":2,"minecraft:grass_block":3,"minecraft:hay_block":27,"minecraft:furnace":1,"minecraft:iron_ore":38,"minecraft:andesite":3,"minecraft:stone":79,"minecraft:player_head":1,"minecraft:crafting_table":4,"minecraft:melon":3,"iceandfire:ghost_chest":1,"minecraft:wall_torch":1,"minecraft:jukebox":1,"minecraft:grass":4,"minecraft:coal_ore":172,"minecraft:oak_log":15,"minecraft:dirt":1,"minecraft:sunflower":1,"minecraft:cobweb":1,"minecraft:oak_leaves":3}},"DataVersion":3465}