{"stats":{"minecraft:broken":{"minecraft:iron_boots":1,"minecraft:stone_pickaxe":2,"minecraft:golden_axe":1,"minecraft:iron_sword":3,"minecraft:iron_helmet":1},"minecraft:crafted":{"minecraft:furnace":1,"quark:dark_oak_chest":2,"minecraft:iron_axe":1,"minecraft:stone_pickaxe":4,"minecraft:dark_oak_planks":68,"minecraft:wheat":189,"minecraft:crafting_table":3,"minecraft:wooden_pickaxe":1,"minecraft:stone_axe":1,"minecraft:bread":83,"minecraft:air":0,"minecraft:stick":40,"minecraft:iron_ingot":38,"minecraft:iron_pickaxe":1,"minecraft:torch":140},"minecraft:killed":{"minecraft:spider":8,"minecraft:phantom":4,"minecraft:skeleton":21,"alexsmobs:blue_jay":1,"mmorpg:zombie":1,"mowziesmobs:umvuthana_crane":1,"mowziesmobs:umvuthana":11,"minecraft:pig":6,"alexsmobs:grizzly_bear":1,"minecraft:creeper":7,"minecraft:sheep":3,"minecraft:pillager":4,"minecraft:zombie":15,"alexsmobs:fly":1,"minecraft:cow":1},"minecraft:custom":{"minecraft:blood":0,"minecraft:interact_with_anvil":1,"minecraft:mob_kills":91,"minecraft:dexterity":11,"minecraft:interact_with_crafting_table":17,"minecraft:open_barrel":45,"minecraft:interact_with_campfire":12,"minecraft:damage_dealt_resisted":89,"minecraft:leave_game":1,"minecraft:time_since_death":151842,"minecraft:climb_one_cm":1508,"minecraft:mana":179,"minecraft:magic_shield":11,"minecraft:sprint_one_cm":440754,"minecraft:walk_one_cm":465038,"minecraft:drop":55,"minecraft:health":310,"minecraft:damage_dealt_absorbed":106,"minecraft:play_time":151842,"minecraft:sneak_time":952,"minecraft:walk_under_water_one_cm":10220,"minecraft:jump":4124,"minecraft:energy":220,"minecraft:interact_with_blast_furnace":4,"minecraft:walk_on_water_one_cm":24694,"minecraft:total_world_time":151842,"minecraft:interact_with_furnace":14,"minecraft:intelligence":5,"minecraft:move_speed":0,"minecraft:sleep_in_bed":2,"minecraft:levels_gained":7,"minecraft:time_since_rest":13283,"minecraft:damage_taken":6471,"minecraft:damage_absorbed":6542,"minecraft:damage_dealt":12039,"minecraft:swim_one_cm":52058,"minecraft:fly_one_cm":804344,"minecraft:open_chest":33,"minecraft:crouch_one_cm":1128,"minecraft:strength":25,"minecraft:interact_with_smoker":1,"minecraft:fall_one_cm":110563},"minecraft:picked_up":{"minecraft:iron_chestplate":3,"minecraft:crafting_table":4,"minecraft:rabbit_stew":1,"minecraft:gold_block":2,"minecraft:shield":1,"iceandfire:manuscript":16,"minecraft:string":11,"minecraft:iron_leggings":3,"minecraft:beetroot_soup":1,"iceandfire:graveyard_soil":4,"minecraft:gold_nugget":17,"mmorpg:gems/tourmaline/0":1,"minecraft:beef":1,"minecraft:player_head":1,"mmorpg:currency/chaos_orb":1,"minecraft:light_gray_wool":1,"minecraft:melon_slice":27,"mmorpg:offhand/tome/iron":2,"minecraft:phantom_membrane":2,"minecraft:iron_boots":1,"minecraft:furnace":1,"mmorpg:skill_gems/support/dex":1,"minecraft:stick":7,"mmorpg:material/mining/0":1,"minecraft:raw_iron":38,"iceandfire:ghost_chest":2,"minecraft:jukebox":1,"minecraft:torch":1,"minecraft:porkchop":12,"mmorpg:jewelry/necklace/iron":1,"mmorpg:skill_gems/support/int":1,"iceandfire:silver_ingot":1,"minecraft:arrow":38,"minecraft:honey_bottle":2,"minecraft:rotten_flesh":20,"minecraft:pumpkin_pie":1,"minecraft:hay_block":27,"minecraft:gold_ingot":2,"sophisticatedbackpacks:copper_backpack":1,"minecraft:mutton":5,"minecraft:white_wool":2,"minecraft:skeleton_skull":1,"minecraft:cobblestone":80,"minecraft:feather":14,"minecraft:andesite":3,"mmorpg:chest/common_gear":1,"minecraft:filled_map":2,"minecraft:potato":1,"alexsmobs:bear_fur":2,"quark:music_disc_rain":1,"minecraft:oak_log":15,"iceandfire:ectoplasm":9,"mmorpg:currency/map_rarity_upgrade":1,"minecraft:gunpowder":7,"minecraft:dirt":25,"minecraft:leather_boots":1,"minecraft:cooked_mutton":6,"minecraft:bone":46,"minecraft:chipped_anvil":1,"minecraft:bow":2,"minecraft:wheat_seeds":5,"minecraft:stone_pickaxe":1,"mowziesmobs:umvuthana_mask_misery":1,"minecraft:iron_sword":1,"mmorpg:skill_gems/support/str":1,"minecraft:cooked_porkchop":7,"sophisticatedbackpacks:iron_backpack":1,"mmorpg:weapon/staff/wood":6,"minecraft:spider_eye":1,"mmorpg:gems/garnet/0":1,"mmorpg:gems/ruby/0":1,"minecraft:iron_helmet":2,"minecraft:crossbow":5,"minecraft:emerald":3,"minecraft:bread":18,"mowziesmobs:umvuthana_mask_fear":1,"minecraft:terracotta":2,"minecraft:dark_oak_fence":2,"mmorpg:offhand/dodge/iron":1,"minecraft:coal":192,"iceandfire:raw_silver":16,"minecraft:sunflower":1},"minecraft:used":{"minecraft:iron_shovel":4,"minecraft:stone_sword":48,"minecraft:iron_sword":494,"minecraft:rotten_flesh":1,"minecraft:torch":78,"minecraft:dirt":9,"minecraft:carrot":3,"minecraft:dark_oak_planks":1,"minecraft:chipped_anvil":1,"minecraft:iron_axe":28,"minecraft:iron_boots":1,"minecraft:rabbit_stew":1,"minecraft:light_gray_wool":1,"minecraft:bow":61,"minecraft:goat_horn":1,"minecraft:furnace":1,"minecraft:golden_axe":16,"minecraft:beetroot_soup":1,"minecraft:stone_pickaxe":303,"minecraft:wooden_pickaxe":3,"minecraft:terracotta":2,"minecraft:crafting_table":7,"minecraft:oak_log":2,"minecraft:bread":23,"minecraft:iron_pickaxe":21,"minecraft:stone_axe":1,"quark:dark_oak_chest":2,"minecraft:cobblestone":3,"minecraft:potion":1,"minecraft:porkchop":1,"minecraft:cooked_porkchop":2,"minecraft:andesite":1,"minecraft:experience_bottle":3},"minecraft:dropped":{"minecraft:golden_boots":1,"minecraft:bread":62,"minecraft:iron_sword":1,"minecraft:porkchop":3,"minecraft:wheat_seeds":5,"minecraft:glass_bottle":1,"minecraft:feather":4,"mmorpg:weapon/staff/wood":4,"minecraft:stick":5,"minecraft:dirt":16,"minecraft:iron_leggings":1,"minecraft:pumpkin_pie":3,"minecraft:paper":6,"minecraft:string":4,"minecraft:bone":2,"minecraft:stone_axe":1,"alexsmobs:animal_dictionary":1,"minecraft:bowl":2,"minecraft:wheat":2,"minecraft:rotten_flesh":7,"minecraft:filled_map":1,"minecraft:leather_chestplate":1,"minecraft:gunpowder":4,"mmorpg:offhand/tome/iron":1,"minecraft:andesite":2,"minecraft:leather_boots":1,"minecraft:arrow":1,"minecraft:bow":1,"minecraft:stone_pickaxe":2,"minecraft:wooden_pickaxe":1,"iceandfire:manuscript":7},"minecraft:mined":{"iceandfire:silver_ore":16,"minecraft:dark_oak_fence":2,"minecraft:grass_block":3,"minecraft:hay_block":27,"minecraft:furnace":1,"minecraft:iron_ore":38,"minecraft:andesite":3,"minecraft:gold_block":2,"biomesoplenty:barley":11,"minecraft:stone":80,"minecraft:player_head":1,"minecraft:crafting_table":4,"minecraft:melon":4,"iceandfire:ghost_chest":2,"minecraft:tall_grass":2,"minecraft:wall_torch":1,"minecraft:jukebox":1,"minecraft:grass":27,"minecraft:coal_ore":172,"minecraft:oak_log":15,"minecraft:dirt":1,"minecraft:sunflower":1,"minecraft:cobweb":1,"minecraft:terracotta":2,"minecraft:oak_leaves":13}},"DataVersion":3465}