{"stats":{"minecraft:broken":{"minecraft:iron_boots":1,"minecraft:stone_pickaxe":2,"minecraft:iron_sword":2,"minecraft:iron_helmet":1},"minecraft:crafted":{"minecraft:furnace":1,"minecraft:iron_axe":1,"minecraft:stone_pickaxe":4,"minecraft:dark_oak_planks":68,"minecraft:wheat":189,"minecraft:crafting_table":3,"minecraft:wooden_pickaxe":1,"minecraft:stone_axe":1,"minecraft:bread":83,"minecraft:air":0,"minecraft:stick":24,"minecraft:iron_ingot":38,"minecraft:iron_pickaxe":1,"minecraft:torch":76},"minecraft:killed":{"minecraft:spider":7,"minecraft:phantom":4,"minecraft:skeleton":17,"alexsmobs:blue_jay":1,"mmorpg:zombie":1,"mowziesmobs:umvuthana":3,"minecraft:pig":5,"alexsmobs:grizzly_bear":1,"minecraft:creeper":5,"minecraft:sheep":3,"minecraft:pillager":2,"minecraft:zombie":12,"alexsmobs:fly":1},"minecraft:custom":{"minecraft:blood":0,"minecraft:interact_with_anvil":1,"minecraft:mob_kills":64,"minecraft:dexterity":11,"minecraft:interact_with_crafting_table":16,"minecraft:open_barrel":45,"minecraft:interact_with_campfire":12,"minecraft:damage_dealt_resisted":86,"minecraft:leave_game":1,"minecraft:time_since_death":115842,"minecraft:climb_one_cm":1508,"minecraft:mana":161,"minecraft:magic_shield":14,"minecraft:sprint_one_cm":329275,"minecraft:walk_one_cm":326847,"minecraft:drop":37,"minecraft:health":255,"minecraft:damage_dealt_absorbed":106,"minecraft:play_time":115842,"minecraft:sneak_time":949,"minecraft:walk_under_water_one_cm":10220,"minecraft:jump":3004,"minecraft:energy":210,"minecraft:interact_with_blast_furnace":4,"minecraft:walk_on_water_one_cm":24694,"minecraft:total_world_time":115842,"minecraft:interact_with_furnace":14,"minecraft:intelligence":5,"minecraft:move_speed":0,"minecraft:sleep_in_bed":1,"minecraft:levels_gained":6,"minecraft:time_since_rest":31589,"minecraft:damage_taken":3684,"minecraft:damage_absorbed":4992,"minecraft:damage_dealt":9987,"minecraft:swim_one_cm":52058,"minecraft:fly_one_cm":560077,"minecraft:open_chest":26,"minecraft:crouch_one_cm":1105,"minecraft:strength":22,"minecraft:interact_with_smoker":1,"minecraft:fall_one_cm":76446},"minecraft:picked_up":{"minecraft:iron_chestplate":1,"minecraft:crafting_table":4,"minecraft:rabbit_stew":1,"minecraft:gold_block":2,"minecraft:shield":1,"iceandfire:manuscript":16,"minecraft:string":8,"minecraft:iron_leggings":2,"minecraft:beetroot_soup":1,"iceandfire:graveyard_soil":4,"minecraft:gold_nugget":17,"mmorpg:gems/tourmaline/0":1,"minecraft:player_head":1,"minecraft:light_gray_wool":1,"minecraft:melon_slice":20,"mmorpg:offhand/tome/iron":2,"minecraft:phantom_membrane":2,"minecraft:iron_boots":1,"minecraft:furnace":1,"mmorpg:skill_gems/support/dex":1,"minecraft:stick":6,"mmorpg:material/mining/0":1,"minecraft:raw_iron":38,"iceandfire:ghost_chest":2,"minecraft:jukebox":1,"minecraft:torch":1,"minecraft:porkchop":9,"mmorpg:jewelry/necklace/iron":1,"iceandfire:silver_ingot":1,"minecraft:arrow":23,"minecraft:honey_bottle":2,"minecraft:rotten_flesh":14,"minecraft:pumpkin_pie":1,"minecraft:hay_block":27,"minecraft:gold_ingot":2,"sophisticatedbackpacks:copper_backpack":1,"minecraft:mutton":5,"minecraft:white_wool":2,"minecraft:skeleton_skull":1,"minecraft:cobblestone":79,"minecraft:feather":5,"minecraft:andesite":3,"minecraft:filled_map":2,"minecraft:potato":1,"alexsmobs:bear_fur":2,"quark:music_disc_rain":1,"minecraft:oak_log":15,"iceandfire:ectoplasm":9,"minecraft:gunpowder":4,"minecraft:dirt":25,"minecraft:leather_boots":1,"minecraft:cooked_mutton":6,"minecraft:bone":36,"minecraft:chipped_anvil":1,"minecraft:bow":2,"minecraft:wheat_seeds":1,"minecraft:stone_pickaxe":1,"minecraft:iron_sword":1,"mmorpg:skill_gems/support/str":1,"minecraft:cooked_porkchop":7,"sophisticatedbackpacks:iron_backpack":1,"mmorpg:weapon/staff/wood":2,"minecraft:spider_eye":1,"mmorpg:gems/garnet/0":1,"mmorpg:gems/ruby/0":1,"minecraft:iron_helmet":2,"minecraft:emerald":2,"minecraft:bread":18,"minecraft:dark_oak_fence":2,"mmorpg:offhand/dodge/iron":1,"minecraft:coal":192,"iceandfire:raw_silver":16,"minecraft:sunflower":1},"minecraft:used":{"minecraft:iron_shovel":4,"minecraft:stone_sword":34,"minecraft:iron_sword":493,"minecraft:torch":77,"minecraft:dirt":9,"minecraft:carrot":3,"minecraft:dark_oak_planks":1,"minecraft:chipped_anvil":1,"minecraft:iron_axe":14,"minecraft:iron_boots":1,"minecraft:rabbit_stew":1,"minecraft:light_gray_wool":1,"minecraft:bow":46,"minecraft:goat_horn":1,"minecraft:furnace":1,"minecraft:beetroot_soup":1,"minecraft:stone_pickaxe":301,"minecraft:wooden_pickaxe":3,"minecraft:crafting_table":5,"minecraft:oak_log":2,"minecraft:bread":15,"minecraft:iron_pickaxe":9,"minecraft:stone_axe":1,"minecraft:cobblestone":3,"minecraft:potion":1,"minecraft:cooked_porkchop":2,"minecraft:andesite":1,"minecraft:experience_bottle":3},"minecraft:dropped":{"minecraft:golden_boots":1,"minecraft:bread":62,"minecraft:iron_sword":1,"minecraft:porkchop":1,"minecraft:wheat_seeds":2,"minecraft:glass_bottle":1,"minecraft:feather":1,"mmorpg:weapon/staff/wood":4,"minecraft:stick":4,"minecraft:iron_leggings":1,"minecraft:pumpkin_pie":3,"minecraft:paper":6,"minecraft:string":3,"minecraft:stone_axe":1,"alexsmobs:animal_dictionary":1,"minecraft:bowl":2,"minecraft:wheat":2,"minecraft:rotten_flesh":4,"minecraft:filled_map":1,"minecraft:leather_chestplate":1,"minecraft:gunpowder":4,"mmorpg:offhand/tome/iron":1,"minecraft:andesite":2,"minecraft:leather_boots":1,"minecraft:arrow":1,"minecraft:bow":1,"minecraft:stone_pickaxe":2,"minecraft:wooden_pickaxe":1,"iceandfire:manuscript":7},"minecraft:mined":{"iceandfire:silver_ore":16,"minecraft:dark_oak_fence":2,"minecraft:grass_block":3,"minecraft:hay_block":27,"minecraft:furnace":1,"minecraft:iron_ore":38,"minecraft:andesite":3,"minecraft:gold_block":2,"minecraft:stone":79,"minecraft:player_head":1,"minecraft:crafting_table":4,"minecraft:melon":3,"iceandfire:ghost_chest":2,"minecraft:wall_torch":1,"minecraft:jukebox":1,"minecraft:grass":5,"minecraft:coal_ore":172,"minecraft:oak_log":15,"minecraft:dirt":1,"minecraft:sunflower":1,"minecraft:cobweb":1,"minecraft:oak_leaves":13}},"DataVersion":3465}