{"stats":{"minecraft:broken":{"minecraft:stone_pickaxe":2,"minecraft:iron_sword":1},"minecraft:crafted":{"minecraft:crafting_table":3,"minecraft:wooden_pickaxe":1,"minecraft:furnace":1,"minecraft:stone_axe":1,"minecraft:bread":83,"minecraft:air":0,"minecraft:iron_axe":1,"minecraft:stick":24,"minecraft:iron_ingot":38,"minecraft:iron_pickaxe":1,"minecraft:stone_pickaxe":4,"minecraft:dark_oak_planks":68,"minecraft:torch":76,"minecraft:wheat":189},"minecraft:killed":{"minecraft:pig":5,"alexsmobs:grizzly_bear":1,"minecraft:spider":5,"minecraft:creeper":5,"minecraft:sheep":3,"minecraft:skeleton":10,"minecraft:pillager":1,"alexsmobs:blue_jay":1,"minecraft:zombie":9,"alexsmobs:fly":1},"minecraft:custom":{"minecraft:blood":0,"minecraft:interact_with_furnace":14,"minecraft:mob_kills":42,"minecraft:dexterity":9,"minecraft:intelligence":5,"minecraft:move_speed":0,"minecraft:interact_with_crafting_table":16,"minecraft:open_barrel":44,"minecraft:interact_with_campfire":8,"minecraft:leave_game":1,"minecraft:time_since_death":79842,"minecraft:climb_one_cm":536,"minecraft:levels_gained":5,"minecraft:mana":151,"minecraft:time_since_rest":79842,"minecraft:magic_shield":9,"minecraft:sprint_one_cm":210994,"minecraft:damage_absorbed":3504,"minecraft:damage_taken":2044,"minecraft:walk_one_cm":203018,"minecraft:drop":34,"minecraft:damage_dealt":6270,"minecraft:health":220,"minecraft:damage_dealt_absorbed":44,"minecraft:swim_one_cm":22671,"minecraft:fly_one_cm":351185,"minecraft:open_chest":16,"minecraft:crouch_one_cm":1101,"minecraft:play_time":79842,"minecraft:sneak_time":700,"minecraft:walk_under_water_one_cm":4999,"minecraft:jump":1940,"minecraft:energy":180,"minecraft:interact_with_blast_furnace":3,"minecraft:walk_on_water_one_cm":17405,"minecraft:strength":25,"minecraft:total_world_time":79842,"minecraft:fall_one_cm":47804},"minecraft:picked_up":{"minecraft:crafting_table":4,"minecraft:feather":1,"minecraft:andesite":3,"minecraft:rabbit_stew":1,"minecraft:potato":1,"alexsmobs:bear_fur":2,"minecraft:oak_log":13,"minecraft:shield":1,"minecraft:gunpowder":4,"minecraft:string":3,"minecraft:dirt":4,"minecraft:iron_leggings":1,"minecraft:beetroot_soup":1,"minecraft:cooked_mutton":6,"minecraft:bone":14,"minecraft:bow":2,"minecraft:wheat_seeds":1,"minecraft:stone_pickaxe":1,"minecraft:player_head":1,"minecraft:light_gray_wool":1,"minecraft:melon_slice":7,"mmorpg:offhand/tome/iron":1,"minecraft:iron_sword":1,"minecraft:iron_boots":1,"minecraft:furnace":1,"mmorpg:material/mining/0":1,"minecraft:stick":4,"minecraft:raw_iron":38,"minecraft:cooked_porkchop":3,"minecraft:jukebox":1,"minecraft:torch":1,"minecraft:porkchop":9,"mmorpg:jewelry/necklace/iron":1,"sophisticatedbackpacks:iron_backpack":1,"mmorpg:weapon/staff/wood":1,"minecraft:spider_eye":1,"mmorpg:gems/garnet/0":1,"minecraft:arrow":15,"minecraft:honey_bottle":2,"minecraft:rotten_flesh":6,"minecraft:pumpkin_pie":1,"mmorpg:gems/ruby/0":1,"minecraft:iron_helmet":1,"minecraft:hay_block":21,"minecraft:bread":18,"minecraft:emerald":1,"iceandfire:raw_silver":14,"minecraft:mutton":5,"minecraft:coal":192,"minecraft:cobblestone":76,"minecraft:white_wool":2,"minecraft:sunflower":1},"minecraft:used":{"minecraft:stone_sword":34,"minecraft:stone_pickaxe":301,"minecraft:wooden_pickaxe":3,"minecraft:iron_sword":260,"minecraft:torch":77,"minecraft:dirt":4,"minecraft:crafting_table":5,"minecraft:carrot":3,"minecraft:dark_oak_planks":1,"minecraft:iron_axe":2,"minecraft:bread":8,"minecraft:iron_pickaxe":1,"minecraft:iron_boots":1,"minecraft:potion":1,"minecraft:stone_axe":1,"minecraft:rabbit_stew":1,"minecraft:light_gray_wool":1,"minecraft:cobblestone":3,"minecraft:bow":37,"minecraft:furnace":1,"minecraft:goat_horn":1,"minecraft:cooked_porkchop":1,"minecraft:andesite":1,"minecraft:experience_bottle":3,"minecraft:beetroot_soup":1},"minecraft:dropped":{"minecraft:golden_boots":1,"minecraft:bread":62,"minecraft:iron_sword":1,"minecraft:stone_axe":1,"minecraft:porkchop":1,"minecraft:wheat_seeds":2,"alexsmobs:animal_dictionary":1,"minecraft:glass_bottle":1,"minecraft:bowl":2,"minecraft:wheat":2,"minecraft:feather":1,"minecraft:rotten_flesh":4,"mmorpg:weapon/staff/wood":4,"minecraft:stick":4,"minecraft:leather_chestplate":1,"minecraft:gunpowder":4,"mmorpg:offhand/tome/iron":1,"minecraft:andesite":2,"minecraft:pumpkin_pie":3,"minecraft:iron_leggings":1,"minecraft:stone_pickaxe":2,"minecraft:bow":1,"minecraft:arrow":1,"minecraft:wooden_pickaxe":1,"minecraft:paper":6,"minecraft:string":3},"minecraft:mined":{"iceandfire:silver_ore":14,"minecraft:crafting_table":4,"minecraft:grass_block":3,"minecraft:melon":1,"minecraft:wall_torch":1,"minecraft:hay_block":21,"minecraft:furnace":1,"minecraft:iron_ore":38,"minecraft:jukebox":1,"minecraft:andesite":3,"minecraft:grass":4,"minecraft:oak_log":13,"minecraft:coal_ore":172,"minecraft:sunflower":1,"minecraft:dirt":1,"minecraft:stone":76,"minecraft:player_head":1,"minecraft:oak_leaves":3}},"DataVersion":3465}