{"stats":{"minecraft:crafted":{"minecraft:oak_planks":235,"minecraft:coal":27,"minecraft:crafting_table":2,"minecraft:wooden_pickaxe":1,"minecraft:stone_axe":1,"minecraft:bread":36,"quark:oak_chest":4,"minecraft:stone_pickaxe":1,"minecraft:dark_oak_planks":4,"minecraft:torch":84,"minecraft:wheat":90},"minecraft:custom":{"minecraft:blood":0,"minecraft:interact_with_furnace":2,"minecraft:mob_kills":19,"minecraft:dexterity":5,"minecraft:intelligence":8,"minecraft:move_speed":0,"minecraft:interact_with_crafting_table":7,"minecraft:open_barrel":16,"minecraft:leave_game":2,"minecraft:time_since_death":19472,"minecraft:climb_one_cm":2766,"minecraft:levels_gained":2,"minecraft:mana":152,"minecraft:time_since_rest":19500,"minecraft:magic_shield":0,"minecraft:sprint_one_cm":121914,"minecraft:walk_one_cm":194674,"minecraft:damage_taken":1747,"minecraft:damage_absorbed":1501,"minecraft:trigger_trapped_chest":4,"minecraft:drop":13,"minecraft:damage_dealt":3156,"minecraft:health":139,"minecraft:swim_one_cm":26990,"minecraft:fly_one_cm":245942,"minecraft:open_chest":21,"minecraft:deaths":2,"minecraft:crouch_one_cm":2241,"minecraft:play_time":56261,"minecraft:sneak_time":636,"minecraft:walk_under_water_one_cm":12584,"minecraft:jump":1125,"minecraft:energy":110,"minecraft:interact_with_blast_furnace":1,"minecraft:walk_on_water_one_cm":14136,"minecraft:strength":11,"minecraft:total_world_time":56261,"minecraft:fall_one_cm":35136},"minecraft:killed":{"minecraft:cat":1,"minecraft:pig":1,"minecraft:creeper":1,"minecraft:sheep":1,"minecraft:zombie":6,"minecraft:chicken":1,"minecraft:drowned":7,"alexsmobs:bison":1},"minecraft:killed_by":{"minecraft:skeleton":1},"minecraft:used":{"minecraft:moss_block":1,"minecraft:stone_pickaxe":11,"minecraft:oak_planks":198,"minecraft:wooden_pickaxe":14,"minecraft:iron_sword":163,"minecraft:torch":23,"minecraft:dirt":14,"minecraft:crafting_table":3,"minecraft:crossbow":14,"minecraft:white_bed":1,"minecraft:sunflower":1,"minecraft:chicken":1,"minecraft:bread":8,"minecraft:iron_pickaxe":52,"iceandfire:ghost_chest":1,"minecraft:stone_axe":65,"minecraft:potion":1,"quark:oak_chest":4,"minecraft:egg":1},"minecraft:picked_up":{"minecraft:crafting_table":2,"minecraft:feather":2,"minecraft:chicken":1,"minecraft:clay_ball":4,"minecraft:wooden_pickaxe":1,"minecraft:potato":1,"alexsmobs:bison_fur":3,"minecraft:oak_log":63,"iceandfire:manuscript":8,"minecraft:dirt":26,"minecraft:raw_copper":27,"minecraft:bone":4,"minecraft:apple":1,"minecraft:bow":1,"minecraft:wheat_seeds":12,"minecraft:gold_nugget":22,"minecraft:beef":13,"minecraft:cobblestone_slab":1,"minecraft:moss_block":1,"minecraft:coal_block":3,"minecraft:oak_planks":5,"minecraft:egg":1,"minecraft:stick":10,"iceandfire:ghost_chest":1,"minecraft:copper_ingot":6,"minecraft:stone_brick_slab":1,"minecraft:white_bed":1,"mmorpg:weapon/staff/wood":1,"minecraft:carrot":1,"minecraft:mossy_cobblestone":1,"iceandfire:silver_ingot":2,"minecraft:oak_wood":3,"minecraft:arrow":26,"minecraft:rotten_flesh":15,"minecraft:iron_helmet":1,"minecraft:hay_block":10,"minecraft:gold_ingot":1,"minecraft:oak_sapling":8,"iceandfire:silver_nugget":10,"minecraft:coal":18,"minecraft:skeleton_skull":3,"minecraft:cobblestone":30,"minecraft:sunflower":1},"minecraft:mined":{"minecraft:white_bed":1,"minecraft:mossy_cobblestone":1,"minecraft:stone_brick_slab":1,"minecraft:crafting_table":2,"gravestone:gravestone":2,"minecraft:oak_wood":3,"minecraft:grass_block":12,"iceandfire:ghost_chest":1,"minecraft:coal_block":3,"minecraft:copper_ore":9,"minecraft:cobblestone":1,"minecraft:moss_block":1,"minecraft:oak_planks":3,"minecraft:skeleton_skull":1,"minecraft:hay_block":10,"valhelsia_structures:cracked_big_glazed_jar":1,"valhelsia_structures:cracked_glazed_jar":1,"minecraft:cobblestone_slab":1,"minecraft:coal_ore":18,"minecraft:grass":41,"minecraft:oak_log":57,"iceandfire:silver_pile":3,"iceandfire:gold_pile":3,"minecraft:sunflower":1,"minecraft:dirt":13,"minecraft:stone":29,"minecraft:oak_leaves":288},"minecraft:dropped":{"minecraft:wheat_seeds":8,"alexsmobs:animal_dictionary":1,"minecraft:mossy_cobblestone":1,"minecraft:glass_bottle":1,"minecraft:oak_planks":1,"minecraft:copper_ingot":3,"minecraft:dirt":7,"minecraft:oak_wood":3,"minecraft:wooden_pickaxe":2}},"DataVersion":3465}