{
  "iceandfire:iceandfire/root": {
    "criteria": {
      "tick": "2024-11-17 23:53:14 +0000"
    },
    "done": true
  },
  "takesapillage:root": {
    "criteria": {
      "always": "2024-11-17 23:53:14 +0000"
    },
    "done": true
  },
  "toms_storage:unlock_netherite": {
    "criteria": {
      "inv_changed-netherite": "2024-11-17 23:53:14 +0000"
    },
    "done": true
  },
  "mowziesmobs:root": {
    "criteria": {
      "custom_test_name": "2024-11-17 23:53:14 +0000"
    },
    "done": true
  },
  "toms_storage:unlock_glowstone": {
    "criteria": {
      "inv_changed-glowstone": "2024-11-17 23:53:14 +0000"
    },
    "done": true
  },
  "dungeons_arise:wda_root": {
    "criteria": {
      "WDA": "2024-11-17 23:53:14 +0000"
    },
    "done": true
  },
  "toms_storage:unlock_chest": {
    "criteria": {
      "inv_changed-chest": "2024-11-17 23:53:14 +0000"
    },
    "done": true
  },
  "cataclysm:root": {
    "criteria": {
      "custom_test_name": "2024-11-17 23:53:14 +0000"
    },
    "done": true
  },
  "irons_spellbooks:grant_patchouli": {
    "criteria": {
      "tick": "2024-11-17 23:53:14 +0000"
    },
    "done": true
  },
  "toms_storage:unlock_dia_pearl": {
    "criteria": {
      "inv_changed-ender_pearl": "2024-11-17 23:53:14 +0000",
      "inv_changed-diamond": "2024-11-17 23:53:14 +0000"
    },
    "done": true
  },
  "ironfurnaces:coal": {
    "criteria": {
      "rainbowcoal": "2024-11-17 23:53:14 +0000"
    },
    "done": true
  },
  "minecraft:adventure/adventuring_time": {
    "criteria": {
      "minecraft:snowy_slopes": "2024-11-17 23:53:49 +0000",
      "minecraft:sunflower_plains": "2024-11-17 23:53:15 +0000",
      "minecraft:river": "2024-11-18 03:00:03 +0000",
      "minecraft:stony_shore": "2024-11-18 03:10:56 +0000",
      "minecraft:forest": "2024-11-18 03:44:20 +0000",
      "minecraft:flower_forest": "2024-11-18 03:38:21 +0000",
      "minecraft:meadow": "2024-11-18 04:01:26 +0000",
      "minecraft:plains": "2024-11-18 02:58:50 +0000"
    },
    "done": false
  },
  "minecraft:adventure/root": {
    "criteria": {
      "killed_something": "2024-11-17 23:54:55 +0000"
    },
    "done": true
  },
  "minecraft:adventure/kill_all_mobs": {
    "criteria": {
      "minecraft:pillager": "2024-11-18 02:57:22 +0000",
      "minecraft:skeleton": "2024-11-18 02:45:10 +0000",
      "minecraft:spider": "2024-11-18 02:54:57 +0000",
      "minecraft:creeper": "2024-11-18 02:47:17 +0000",
      "minecraft:phantom": "2024-11-18 04:08:58 +0000",
      "minecraft:zombie": "2024-11-17 23:54:55 +0000"
    },
    "done": false
  },
  "minecraft:adventure/kill_a_mob": {
    "criteria": {
      "minecraft:zombie": "2024-11-17 23:54:55 +0000"
    },
    "done": true
  },
  "minecraft:story/obtain_armor": {
    "criteria": {
      "iron_boots": "2024-11-17 23:54:58 +0000"
    },
    "done": true
  },
  "nova_structures:root": {
    "criteria": {
      "nova_structures:adventure/find_tavern": "2024-11-18 04:03:18 +0000"
    },
    "done": true
  },
  "biomesoplenty:biomesoplenty/all_biomes": {
    "criteria": {
      "shrubland": "2024-11-18 03:54:37 +0000",
      "scrubland": "2024-11-18 04:03:14 +0000",
      "mystic_grove": "2024-11-18 03:44:43 +0000",
      "orchard": "2024-11-18 03:54:26 +0000",
      "redwood_forest": "2024-11-18 03:44:23 +0000",
      "pasture": "2024-11-18 04:01:50 +0000",
      "prairie": "2024-11-18 03:16:35 +0000"
    },
    "done": false
  },
  "minecraft:adventure/sleep_in_bed": {
    "criteria": {
      "slept_in_bed": "2024-11-18 03:45:45 +0000"
    },
    "done": true
  },
  "nova_structures:adventure/find_all_illager_structures": {
    "criteria": {
      "illager_camp": "2024-11-18 03:42:01 +0000"
    },
    "done": false
  },
  "minecraft:story/iron_tools": {
    "criteria": {
      "iron_pickaxe": "2024-11-18 03:31:18 +0000"
    },
    "done": true
  },
  "nova_structures:adventure/find_tavern": {
    "criteria": {
      "nova_structures:tavern_acacia": "2024-11-18 04:03:18 +0000"
    },
    "done": true
  },
  "minecraft:husbandry/balanced_diet": {
    "criteria": {
      "cooked_porkchop": "2024-11-18 02:46:54 +0000",
      "beetroot_soup": "2024-11-18 02:54:03 +0000",
      "bread": "2024-11-18 03:12:33 +0000",
      "rabbit_stew": "2024-11-18 03:03:10 +0000",
      "carrot": "2024-11-18 02:42:43 +0000"
    },
    "done": false
  },
  "dungeons_arise:find_bathhouse": {
    "criteria": {
      "location0": "2024-11-18 02:46:28 +0000"
    },
    "done": true
  },
  "nova_structures:adventure/tavern_quest": {
    "criteria": {
      "open_tavern_chest": "2024-11-18 04:03:36 +0000"
    },
    "done": true
  },
  "minecraft:story/mine_stone": {
    "criteria": {
      "get_stone": "2024-11-18 02:40:40 +0000"
    },
    "done": true
  },
  "alexsmobs:alexsmobs/grizzly_bear": {
    "criteria": {
      "killed_by": "2024-11-18 03:38:37 +0000"
    },
    "done": true
  },
  "dungeons_arise:find_illager_campsite": {
    "criteria": {
      "location0": "2024-11-18 02:38:26 +0000"
    },
    "done": true
  },
  "minecraft:husbandry/root": {
    "criteria": {
      "consumed_item": "2024-11-18 02:42:43 +0000"
    },
    "done": true
  },
  "minecraft:story/upgrade_tools": {
    "criteria": {
      "stone_pickaxe": "2024-11-18 02:40:51 +0000"
    },
    "done": true
  },
  "biomesoplenty:biomesoplenty/root": {
    "criteria": {
      "prairie": "2024-11-18 03:16:35 +0000"
    },
    "done": true
  },
  "minecraft:story/root": {
    "criteria": {
      "crafting_table": "2024-11-18 02:40:21 +0000"
    },
    "done": true
  },
  "minecraft:story/form_obsidian": {
    "criteria": {
      "obsidian": "2024-11-18 03:57:26 +0000"
    },
    "done": true
  },
  "minecraft:adventure/shoot_arrow": {
    "criteria": {
      "shot_arrow": "2024-11-18 02:44:30 +0000"
    },
    "done": true
  },
  "minecraft:story/smelt_iron": {
    "criteria": {
      "iron": "2024-11-18 03:31:03 +0000"
    },
    "done": true
  },
  "DataVersion": 3465
}